Age,2000,2001,2002,2003,2004,2005,2006,2007,2008,2009,2010,2011,2012,2013,2014,2015,2016,2017,2018,2019,2020,2021,2022,2023,2024,2025,2026,2027,2028,2029,2030,2031,2032,2033
20,0.0097,0.0024,-0.0023,-0.0033,-0.0005,0.006,0.0151,0.0251,0.0335,0.0382,0.0382,0.0337,0.0255,0.0143,0.0142,0.014,0.0137,0.0133,0.0129,0.0125,0.012,0.0116,0.0113,0.0111,0.0109,0.0108,0.0106,0.0105,0.0103,0.0102,0.0101,0.0101,0.01,0.01
21,0.0061,-0.0016,-0.0066,-0.0078,-0.005,0.0013,0.0104,0.0204,0.029,0.0339,0.0342,0.03,0.0222,0.0114,0.0128,0.0127,0.0126,0.0124,0.0122,0.0119,0.0117,0.0115,0.0113,0.0111,0.0109,0.0108,0.0106,0.0105,0.0103,0.0102,0.0101,0.0101,0.01,0.01
22,0.0036,-0.0048,-0.0102,-0.0117,-0.0091,-0.0029,0.0061,0.0161,0.0246,0.0297,0.0301,0.0262,0.0186,0.0081,0.0098,0.0113,0.0113,0.0113,0.0114,0.0114,0.0113,0.0113,0.0112,0.0111,0.0109,0.0108,0.0106,0.0105,0.0103,0.0102,0.0101,0.0101,0.01,0.01
23,0.0022,-0.0069,-0.0129,-0.0149,-0.0127,-0.0067,0.0022,0.0121,0.0205,0.0255,0.026,0.0222,0.0148,0.0046,0.0064,0.0082,0.0099,0.0102,0.0105,0.0107,0.011,0.0111,0.0112,0.0111,0.0109,0.0108,0.0106,0.0105,0.0103,0.0102,0.0101,0.0101,0.01,0.01
24,0.0022,-0.0079,-0.0147,-0.0173,-0.0155,-0.0098,-0.0011,0.0085,0.0167,0.0215,0.0219,0.0181,0.0108,0.0009,0.0029,0.005,0.0071,0.009,0.0095,0.0101,0.0106,0.0109,0.0111,0.0111,0.0109,0.0108,0.0106,0.0105,0.0103,0.0102,0.0101,0.0101,0.01,0.01
25,0.0036,-0.0077,-0.0154,-0.0188,-0.0175,-0.0122,-0.0039,0.0053,0.0132,0.0177,0.0179,0.0141,0.0069,-0.0029,-0.0008,0.0016,0.0041,0.0064,0.0086,0.0094,0.0102,0.0107,0.0111,0.0111,0.0109,0.0108,0.0106,0.0105,0.0103,0.0102,0.0101,0.0101,0.01,0.01
26,0.0062,-0.0062,-0.0149,-0.0191,-0.0186,-0.0138,-0.0061,0.0027,0.01,0.0141,0.0141,0.0101,0.0029,-0.0067,-0.0045,-0.0019,0.0009,0.0038,0.0064,0.0088,0.0098,0.0105,0.011,0.0111,0.0109,0.0108,0.0106,0.0105,0.0103,0.0102,0.0101,0.0101,0.01,0.01
27,0.01,-0.0035,-0.0133,-0.0184,-0.0186,-0.0146,-0.0076,0.0005,0.0072,0.0108,0.0105,0.0064,-0.0008,-0.0103,-0.0081,-0.0054,-0.0022,0.001,0.0041,0.007,0.0094,0.0103,0.011,0.0111,0.0109,0.0108,0.0106,0.0105,0.0103,0.0102,0.0101,0.0101,0.01,0.01
28,0.0147,0.0003,-0.0105,-0.0165,-0.0177,-0.0145,-0.0083,-0.0011,0.0049,0.008,0.0073,0.003,-0.0042,-0.0137,-0.0116,-0.0087,-0.0053,-0.0018,0.0018,0.0051,0.0079,0.0102,0.0109,0.0111,0.0109,0.0108,0.0106,0.0105,0.0103,0.0102,0.0101,0.0101,0.01,0.01
29,0.0197,0.0047,-0.0069,-0.0137,-0.0157,-0.0135,-0.0083,-0.002,0.0032,0.0057,0.0047,0.0002,-0.0072,-0.0167,-0.0147,-0.0118,-0.0083,-0.0044,-0.0005,0.0032,0.0064,0.0091,0.0109,0.0111,0.0109,0.0108,0.0106,0.0105,0.0103,0.0102,0.0101,0.0101,0.01,0.01
30,0.0247,0.0093,-0.0027,-0.0101,-0.0128,-0.0116,-0.0074,-0.0021,0.0022,0.0041,0.0026,-0.0021,-0.0096,-0.0192,-0.0174,-0.0146,-0.011,-0.0069,-0.0027,0.0013,0.0049,0.0079,0.01,0.0111,0.0109,0.0108,0.0106,0.0105,0.0103,0.0102,0.0101,0.0101,0.01,0.01
31,0.0291,0.0138,0.0017,-0.006,-0.0093,-0.0088,-0.0056,-0.0014,0.0021,0.0033,0.0014,-0.0037,-0.0114,-0.0211,-0.0196,-0.0169,-0.0133,-0.0092,-0.0048,-0.0005,0.0034,0.0066,0.009,0.0103,0.0109,0.0108,0.0106,0.0105,0.0103,0.0102,0.0101,0.0101,0.01,0.01
32,0.0326,0.0177,0.0058,-0.0018,-0.0053,-0.0054,-0.0031,0.0002,0.0028,0.0033,0.001,-0.0044,-0.0123,-0.0223,-0.0211,-0.0187,-0.0152,-0.0111,-0.0066,-0.0022,0.0019,0.0054,0.008,0.0095,0.0103,0.0108,0.0106,0.0105,0.0103,0.0102,0.0101,0.0101,0.01,0.01
33,0.0349,0.0207,0.0095,0.0023,-0.0011,-0.0015,0.0002,0.0027,0.0045,0.0043,0.0015,-0.0042,-0.0125,-0.0228,-0.022,-0.0198,-0.0166,-0.0126,-0.0082,-0.0037,0.0005,0.0041,0.0069,0.0086,0.0096,0.0102,0.0106,0.0105,0.0103,0.0102,0.0101,0.0101,0.01,0.01
34,0.0359,0.0228,0.0125,0.0061,0.003,0.0025,0.0038,0.0057,0.0069,0.0062,0.0029,-0.0032,-0.0118,-0.0224,-0.022,-0.0202,-0.0173,-0.0136,-0.0094,-0.005,-0.0008,0.0029,0.0058,0.0077,0.0089,0.0097,0.0102,0.0105,0.0103,0.0102,0.0101,0.0101,0.01,0.01
35,0.0359,0.0238,0.0147,0.0092,0.0067,0.0065,0.0077,0.0092,0.0099,0.0087,0.0051,-0.0014,-0.0102,-0.0211,-0.0212,-0.0199,-0.0174,-0.014,-0.0101,-0.0059,-0.0019,0.0018,0.0048,0.0068,0.0081,0.009,0.0097,0.0101,0.0103,0.0102,0.0101,0.0101,0.01,0.01
36,0.0348,0.0239,0.016,0.0115,0.0098,0.0101,0.0115,0.0129,0.0133,0.0119,0.0079,0.0012,-0.008,-0.0191,-0.0196,-0.0188,-0.0168,-0.0139,-0.0104,-0.0066,-0.0027,0.0008,0.0038,0.0058,0.0073,0.0084,0.0092,0.0098,0.0101,0.0102,0.0101,0.0101,0.01,0.01
37,0.033,0.0232,0.0165,0.013,0.0122,0.0132,0.0149,0.0165,0.0169,0.0153,0.0112,0.0043,-0.005,-0.0163,-0.0172,-0.0169,-0.0155,-0.0132,-0.0102,-0.0068,-0.0033,0,0.0028,0.0049,0.0065,0.0077,0.0087,0.0094,0.0099,0.0101,0.0101,0.0101,0.01,0.01
38,0.0306,0.0219,0.0162,0.0137,0.0138,0.0155,0.0178,0.0197,0.0203,0.0188,0.0146,0.0077,-0.0017,-0.0128,-0.0141,-0.0144,-0.0136,-0.0119,-0.0095,-0.0067,-0.0036,-0.0006,0.002,0.0041,0.0057,0.0071,0.0082,0.009,0.0096,0.0099,0.01,0.0101,0.01,0.01
39,0.0278,0.0201,0.0154,0.0138,0.0147,0.0171,0.02,0.0224,0.0234,0.022,0.018,0.0111,0.002,-0.0089,-0.0105,-0.0113,-0.0111,-0.0101,-0.0084,-0.0062,-0.0037,-0.0011,0.0013,0.0033,0.005,0.0064,0.0077,0.0086,0.0093,0.0097,0.0099,0.01,0.01,0.01
40,0.0246,0.018,0.0141,0.0133,0.0149,0.018,0.0215,0.0245,0.0258,0.0247,0.021,0.0144,0.0056,-0.0048,-0.0066,-0.0077,-0.0081,-0.0078,-0.0068,-0.0053,-0.0034,-0.0012,0.0009,0.0027,0.0043,0.0058,0.0071,0.0082,0.009,0.0095,0.0098,0.01,0.01,0.01
41,0.0213,0.0156,0.0125,0.0124,0.0146,0.0182,0.0223,0.0257,0.0274,0.0267,0.0233,0.0173,0.0091,-0.0006,-0.0025,-0.0039,-0.0049,-0.0052,-0.0049,-0.0041,-0.0028,-0.0012,0.0006,0.0022,0.0038,0.0053,0.0067,0.0078,0.0087,0.0093,0.0097,0.0099,0.01,0.01
42,0.0178,0.0131,0.0107,0.0112,0.014,0.018,0.0224,0.0261,0.0281,0.0278,0.025,0.0196,0.0122,0.0034,0.0016,-0.0001,-0.0015,-0.0024,-0.0027,-0.0026,-0.0019,-0.0008,0.0005,0.0019,0.0034,0.0049,0.0062,0.0074,0.0084,0.0091,0.0096,0.0099,0.01,0.01
43,0.0143,0.0104,0.0088,0.0098,0.013,0.0173,0.0219,0.0258,0.028,0.0281,0.0258,0.0212,0.0147,0.0071,0.0053,0.0035,0.0019,0.0006,-0.0004,-0.0008,-0.0008,-0.0002,0.0007,0.0018,0.0031,0.0045,0.0059,0.0071,0.0081,0.0089,0.0095,0.0098,0.01,0.01
44,0.011,0.0078,0.0068,0.0083,0.0117,0.0161,0.0208,0.0247,0.0272,0.0276,0.0259,0.0221,0.0167,0.0101,0.0086,0.0068,0.0051,0.0034,0.002,0.0011,0.0006,0.0006,0.0011,0.0019,0.003,0.0043,0.0056,0.0068,0.0079,0.0088,0.0094,0.0098,0.01,0.01
45,0.0079,0.0053,0.0048,0.0065,0.01,0.0145,0.0192,0.0232,0.0257,0.0265,0.0254,0.0224,0.0179,0.0124,0.0112,0.0096,0.0078,0.006,0.0044,0.003,0.0021,0.0016,0.0017,0.0022,0.0031,0.0042,0.0054,0.0066,0.0077,0.0086,0.0093,0.0097,0.0099,0.01
46,0.0054,0.003,0.0027,0.0045,0.0081,0.0126,0.0172,0.0212,0.0238,0.0249,0.0242,0.022,0.0184,0.0138,0.013,0.0117,0.0101,0.0083,0.0065,0.0049,0.0036,0.0028,0.0025,0.0027,0.0034,0.0043,0.0054,0.0065,0.0076,0.0085,0.0092,0.0097,0.0099,0.01
47,0.0034,0.0011,0.0007,0.0025,0.0059,0.0103,0.0149,0.0189,0.0216,0.023,0.0227,0.021,0.0181,0.0143,0.014,0.0131,0.0117,0.0101,0.0083,0.0066,0.0052,0.0041,0.0035,0.0034,0.0038,0.0045,0.0054,0.0065,0.0075,0.0084,0.0091,0.0096,0.0099,0.01
48,0.0023,-0.0003,-0.001,0.0004,0.0037,0.0079,0.0124,0.0164,0.0193,0.0208,0.0208,0.0195,0.0172,0.0141,0.0141,0.0137,0.0127,0.0114,0.0098,0.0082,0.0066,0.0054,0.0046,0.0043,0.0044,0.0049,0.0056,0.0065,0.0074,0.0083,0.0091,0.0096,0.0099,0.01
49,0.0019,-0.0011,-0.0023,-0.0013,0.0015,0.0055,0.0099,0.0139,0.0168,0.0184,0.0187,0.0177,0.0157,0.0131,0.0136,0.0135,0.013,0.0121,0.0108,0.0094,0.008,0.0067,0.0058,0.0053,0.0051,0.0054,0.0059,0.0066,0.0075,0.0083,0.009,0.0096,0.0099,0.01
50,0.0022,-0.0012,-0.0029,-0.0025,-0.0001,0.0035,0.0076,0.0115,0.0143,0.016,0.0163,0.0155,0.0138,0.0116,0.0124,0.0127,0.0127,0.0122,0.0114,0.0103,0.0091,0.008,0.007,0.0063,0.006,0.006,0.0063,0.0069,0.0076,0.0083,0.009,0.0095,0.0099,0.01
51,0.0033,-0.0005,-0.0027,-0.0028,-0.0011,0.002,0.0056,0.0091,0.0118,0.0134,0.0138,0.013,0.0116,0.0097,0.0107,0.0114,0.0118,0.0119,0.0115,0.0109,0.01,0.009,0.0081,0.0074,0.0069,0.0067,0.0068,0.0072,0.0077,0.0084,0.009,0.0095,0.0099,0.01
52,0.0049,0.001,-0.0015,-0.0022,-0.0012,0.0012,0.0041,0.0071,0.0094,0.0107,0.0111,0.0104,0.0092,0.0075,0.0087,0.0097,0.0105,0.011,0.0112,0.011,0.0106,0.0099,0.0091,0.0084,0.0078,0.0074,0.0073,0.0075,0.0079,0.0085,0.0091,0.0095,0.0099,0.01
53,0.0069,0.0031,0.0005,-0.0006,-0.0003,0.0011,0.0033,0.0054,0.0072,0.0082,0.0084,0.0078,0.0067,0.0052,0.0065,0.0077,0.0089,0.0099,0.0105,0.0109,0.0108,0.0105,0.01,0.0093,0.0086,0.0081,0.0079,0.008,0.0082,0.0086,0.0091,0.0096,0.0099,0.01
54,0.0092,0.0058,0.0032,0.0017,0.0014,0.002,0.0031,0.0043,0.0054,0.0059,0.0059,0.0053,0.0042,0.0028,0.0041,0.0056,0.0071,0.0084,0.0095,0.0103,0.0108,0.0109,0.0106,0.01,0.0094,0.0088,0.0085,0.0084,0.0085,0.0088,0.0092,0.0096,0.0099,0.01
55,0.0116,0.0086,0.0063,0.0046,0.0038,0.0035,0.0036,0.0039,0.0042,0.0042,0.0038,0.003,0.0019,0.0005,0.0018,0.0034,0.0051,0.0068,0.0083,0.0096,0.0104,0.0109,0.011,0.0106,0.01,0.0095,0.0091,0.0089,0.0088,0.009,0.0093,0.0096,0.0099,0.01
56,0.0139,0.0115,0.0095,0.0078,0.0065,0.0056,0.0048,0.0042,0.0037,0.0031,0.0023,0.0012,-0.0002,-0.0017,-0.0004,0.0013,0.0032,0.0051,0.0069,0.0086,0.0099,0.0107,0.0111,0.0109,0.0105,0.01,0.0096,0.0093,0.0092,0.0092,0.0094,0.0097,0.0099,0.01
57,0.0161,0.0143,0.0125,0.011,0.0095,0.008,0.0066,0.0053,0.0041,0.0029,0.0015,-0.0001,-0.0019,-0.0038,-0.0025,-0.0008,0.0012,0.0034,0.0055,0.0075,0.0091,0.0103,0.011,0.0111,0.0108,0.0104,0.01,0.0097,0.0095,0.0094,0.0096,0.0097,0.0099,0.01
58,0.0181,0.0167,0.0153,0.0139,0.0124,0.0107,0.0089,0.0071,0.0053,0.0034,0.0014,-0.0008,-0.0031,-0.0055,-0.0044,-0.0026,-0.0005,0.0018,0.0041,0.0063,0.0082,0.0097,0.0107,0.011,0.0109,0.0107,0.0103,0.01,0.0098,0.0097,0.0097,0.0098,0.0099,0.01
59,0.0199,0.0189,0.0178,0.0165,0.0151,0.0134,0.0115,0.0094,0.0071,0.0047,0.0021,-0.0008,-0.0038,-0.0068,-0.0058,-0.0042,-0.0021,0.0003,0.0028,0.0052,0.0073,0.009,0.0102,0.0108,0.0109,0.0108,0.0105,0.0103,0.01,0.0098,0.0098,0.0099,0.0099,0.01
60,0.0213,0.0206,0.0198,0.0188,0.0176,0.0161,0.0142,0.012,0.0094,0.0065,0.0033,-0.0002,-0.0039,-0.0074,-0.0068,-0.0053,-0.0033,-0.0009,0.0016,0.0041,0.0064,0.0083,0.0097,0.0104,0.0107,0.0107,0.0106,0.0104,0.0102,0.01,0.0099,0.0099,0.01,0.01
61,0.0224,0.0221,0.0215,0.0208,0.0198,0.0185,0.0168,0.0146,0.0119,0.0087,0.005,0.001,-0.0033,-0.0074,-0.0071,-0.0059,-0.0041,-0.0018,0.0007,0.0032,0.0056,0.0075,0.009,0.0099,0.0103,0.0106,0.0106,0.0105,0.0103,0.0101,0.01,0.01,0.01,0.01
62,0.0233,0.0232,0.0229,0.0225,0.0218,0.0207,0.0192,0.017,0.0143,0.0109,0.007,0.0026,-0.0021,-0.0066,-0.0067,-0.0059,-0.0044,-0.0023,0,0.0025,0.0048,0.0068,0.0084,0.0094,0.0099,0.0103,0.0104,0.0104,0.0103,0.0102,0.0101,0.01,0.01,0.01
63,0.0238,0.0241,0.0241,0.0239,0.0235,0.0227,0.0213,0.0192,0.0165,0.0131,0.009,0.0045,-0.0004,-0.0052,-0.0057,-0.0053,-0.0042,-0.0024,-0.0003,0.0019,0.0041,0.0061,0.0077,0.0088,0.0095,0.0099,0.0102,0.0103,0.0103,0.0102,0.0101,0.01,0.01,0.01
64,0.0242,0.0247,0.025,0.0252,0.025,0.0243,0.023,0.021,0.0184,0.015,0.011,0.0065,0.0016,-0.0033,-0.004,-0.004,-0.0034,-0.0021,-0.0004,0.0016,0.0036,0.0055,0.0071,0.0082,0.009,0.0096,0.01,0.0102,0.0102,0.0102,0.0101,0.0101,0.01,0.01
65,0.0242,0.0251,0.0258,0.0261,0.0261,0.0256,0.0244,0.0225,0.0199,0.0167,0.0129,0.0085,0.0038,-0.0011,-0.002,-0.0024,-0.0022,-0.0014,-0.0001,0.0015,0.0032,0.005,0.0065,0.0076,0.0085,0.0092,0.0097,0.01,0.0101,0.0102,0.0101,0.0101,0.01,0.01
66,0.0241,0.0253,0.0263,0.0269,0.0271,0.0266,0.0255,0.0237,0.0212,0.0181,0.0145,0.0104,0.0059,0.0012,0.0002,-0.0004,-0.0006,-0.0003,0.0005,0.0016,0.003,0.0045,0.0059,0.0071,0.008,0.0087,0.0093,0.0097,0.01,0.0101,0.0101,0.0101,0.01,0.01
67,0.0237,0.0253,0.0266,0.0274,0.0277,0.0274,0.0263,0.0245,0.0222,0.0193,0.0159,0.012,0.0078,0.0034,0.0024,0.0017,0.0012,0.001,0.0013,0.002,0.003,0.0042,0.0055,0.0066,0.0075,0.0083,0.009,0.0095,0.0098,0.01,0.01,0.01,0.01,0.01
68,0.0232,0.0251,0.0266,0.0277,0.0282,0.0279,0.0269,0.0252,0.0229,0.0202,0.017,0.0133,0.0094,0.0053,0.0044,0.0036,0.003,0.0025,0.0024,0.0026,0.0032,0.0041,0.0051,0.0061,0.0071,0.0079,0.0087,0.0092,0.0096,0.0099,0.01,0.01,0.01,0.01
69,0.0225,0.0247,0.0265,0.0277,0.0284,0.0282,0.0273,0.0257,0.0235,0.0209,0.0178,0.0144,0.0107,0.0068,0.0061,0.0054,0.0046,0.004,0.0036,0.0035,0.0037,0.0042,0.0049,0.0058,0.0067,0.0076,0.0083,0.009,0.0094,0.0098,0.0099,0.01,0.01,0.01
70,0.0218,0.0241,0.0261,0.0276,0.0283,0.0283,0.0275,0.026,0.0239,0.0214,0.0184,0.0152,0.0117,0.008,0.0075,0.0068,0.0061,0.0054,0.0048,0.0044,0.0043,0.0045,0.005,0.0056,0.0064,0.0073,0.0081,0.0087,0.0093,0.0096,0.0099,0.01,0.01,0.01
71,0.021,0.0234,0.0256,0.0272,0.0281,0.0282,0.0275,0.0262,0.0242,0.0217,0.0189,0.0157,0.0123,0.0088,0.0084,0.0079,0.0073,0.0066,0.006,0.0055,0.0051,0.005,0.0052,0.0056,0.0063,0.007,0.0078,0.0085,0.0091,0.0095,0.0098,0.0099,0.01,0.01
72,0.0202,0.0227,0.0249,0.0267,0.0277,0.028,0.0275,0.0262,0.0243,0.0219,0.0191,0.016,0.0128,0.0094,0.0091,0.0087,0.0082,0.0077,0.007,0.0064,0.006,0.0057,0.0056,0.0058,0.0063,0.0069,0.0076,0.0083,0.0089,0.0094,0.0097,0.0099,0.01,0.01
73,0.0194,0.0219,0.0242,0.026,0.0272,0.0276,0.0272,0.0261,0.0243,0.022,0.0192,0.0162,0.013,0.0097,0.0095,0.0093,0.0089,0.0084,0.0079,0.0073,0.0068,0.0064,0.0062,0.0062,0.0065,0.0069,0.0075,0.0082,0.0088,0.0093,0.0096,0.0099,0.01,0.01
74,0.0187,0.0211,0.0234,0.0253,0.0266,0.0271,0.0269,0.0259,0.0242,0.0219,0.0192,0.0162,0.0131,0.0098,0.0097,0.0096,0.0093,0.009,0.0086,0.0081,0.0076,0.0071,0.0068,0.0067,0.0068,0.0071,0.0075,0.0081,0.0087,0.0092,0.0096,0.0098,0.01,0.01
75,0.0181,0.0204,0.0226,0.0245,0.0259,0.0266,0.0265,0.0256,0.0239,0.0218,0.0191,0.0162,0.013,0.0098,0.0098,0.0097,0.0096,0.0094,0.009,0.0087,0.0082,0.0078,0.0074,0.0072,0.0072,0.0073,0.0077,0.0081,0.0086,0.0091,0.0095,0.0098,0.01,0.01
76,0.0175,0.0197,0.0219,0.0238,0.0252,0.026,0.0259,0.0251,0.0236,0.0215,0.0189,0.016,0.0129,0.0097,0.0097,0.0097,0.0097,0.0096,0.0094,0.0091,0.0087,0.0084,0.008,0.0078,0.0076,0.0077,0.0079,0.0082,0.0086,0.0091,0.0095,0.0098,0.01,0.01
77,0.0169,0.0191,0.0212,0.0231,0.0245,0.0253,0.0253,0.0246,0.0231,0.0211,0.0186,0.0157,0.0127,0.0095,0.0096,0.0096,0.0097,0.0096,0.0095,0.0094,0.0091,0.0088,0.0085,0.0083,0.0081,0.0081,0.0081,0.0084,0.0087,0.0091,0.0095,0.0098,0.0099,0.01
78,0.0164,0.0185,0.0205,0.0224,0.0238,0.0246,0.0246,0.0239,0.0225,0.0206,0.0181,0.0154,0.0124,0.0093,0.0094,0.0095,0.0096,0.0096,0.0096,0.0095,0.0094,0.0092,0.009,0.0087,0.0085,0.0084,0.0084,0.0086,0.0088,0.0091,0.0095,0.0098,0.0099,0.01
79,0.0159,0.0179,0.0199,0.0217,0.0231,0.0238,0.0239,0.0232,0.0219,0.02,0.0177,0.015,0.012,0.009,0.0091,0.0093,0.0094,0.0095,0.0096,0.0096,0.0095,0.0094,0.0093,0.0091,0.0089,0.0087,0.0087,0.0088,0.009,0.0092,0.0095,0.0098,0.0099,0.01
80,0.0154,0.0174,0.0193,0.021,0.0223,0.0231,0.0231,0.0225,0.0212,0.0194,0.0171,0.0145,0.0117,0.0087,0.0089,0.009,0.0092,0.0093,0.0095,0.0095,0.0096,0.0095,0.0095,0.0093,0.0092,0.009,0.009,0.009,0.0091,0.0093,0.0095,0.0098,0.0099,0.01
81,0.0148,0.0168,0.0187,0.0204,0.0216,0.0223,0.0224,0.0217,0.0205,0.0187,0.0165,0.014,0.0112,0.0084,0.0086,0.0087,0.0089,0.0091,0.0093,0.0095,0.0096,0.0096,0.0096,0.0095,0.0094,0.0092,0.0092,0.0092,0.0093,0.0094,0.0096,0.0098,0.0099,0.01
82,0.0141,0.0161,0.018,0.0196,0.0209,0.0215,0.0216,0.021,0.0198,0.018,0.0159,0.0135,0.0108,0.0081,0.0083,0.0085,0.0087,0.0089,0.0091,0.0093,0.0095,0.0096,0.0096,0.0096,0.0095,0.0094,0.0093,0.0093,0.0094,0.0095,0.0097,0.0098,0.0099,0.01
83,0.0133,0.0153,0.0172,0.0188,0.02,0.0207,0.0207,0.0202,0.019,0.0173,0.0153,0.0129,0.0104,0.0078,0.0079,0.0082,0.0084,0.0087,0.0089,0.0091,0.0094,0.0095,0.0096,0.0096,0.0096,0.0095,0.0094,0.0094,0.0094,0.0095,0.0097,0.0098,0.01,0.01
84,0.0123,0.0144,0.0163,0.0179,0.0191,0.0198,0.0199,0.0193,0.0182,0.0166,0.0146,0.0124,0.01,0.0074,0.0076,0.0079,0.0081,0.0084,0.0087,0.009,0.0092,0.0094,0.0096,0.0096,0.0096,0.0095,0.0095,0.0095,0.0095,0.0096,0.0097,0.0098,0.01,0.01
85,0.0113,0.0133,0.0153,0.0169,0.0182,0.0188,0.0189,0.0184,0.0174,0.0159,0.014,0.0119,0.0096,0.0072,0.0073,0.0076,0.0078,0.0082,0.0085,0.0088,0.009,0.0093,0.0095,0.0096,0.0096,0.0096,0.0095,0.0095,0.0095,0.0096,0.0096,0.0098,0.0099,0.01
86,0.0102,0.0122,0.0141,0.0158,0.0171,0.0178,0.0179,0.0175,0.0166,0.0152,0.0134,0.0114,0.0092,0.0069,0.0071,0.0073,0.0076,0.0079,0.0082,0.0085,0.0088,0.009,0.0092,0.0094,0.0094,0.0094,0.0094,0.0094,0.0095,0.0095,0.0095,0.0096,0.0098,0.0099
87,0.0089,0.011,0.0129,0.0146,0.0159,0.0167,0.0169,0.0165,0.0157,0.0144,0.0128,0.0109,0.0089,0.0068,0.0069,0.0071,0.0073,0.0076,0.008,0.0083,0.0086,0.0088,0.009,0.0091,0.0092,0.0093,0.0093,0.0093,0.0094,0.0094,0.0094,0.0095,0.0096,0.0097
88,0.0076,0.0096,0.0115,0.0132,0.0146,0.0154,0.0157,0.0155,0.0148,0.0137,0.0122,0.0105,0.0086,0.0067,0.0068,0.0069,0.0071,0.0074,0.0077,0.008,0.0083,0.0086,0.0088,0.0089,0.009,0.0091,0.0092,0.0092,0.0092,0.0093,0.0093,0.0094,0.0095,0.0096
89,0.0062,0.0082,0.0101,0.0118,0.0131,0.014,0.0145,0.0144,0.0138,0.0129,0.0116,0.0101,0.0084,0.0067,0.0067,0.0068,0.007,0.0073,0.0075,0.0078,0.0081,0.0083,0.0085,0.0086,0.0087,0.0088,0.009,0.0091,0.0091,0.0091,0.0092,0.0092,0.0093,0.0094
90,0.0047,0.0066,0.0085,0.0102,0.0116,0.0126,0.0131,0.0132,0.0128,0.0121,0.011,0.0097,0.0083,0.0068,0.0068,0.0068,0.0069,0.0071,0.0074,0.0076,0.0079,0.0081,0.0083,0.0084,0.0085,0.0086,0.0087,0.0088,0.009,0.009,0.0091,0.0091,0.0092,0.0093
91,0.0031,0.005,0.0068,0.0085,0.0099,0.011,0.0117,0.0119,0.0118,0.0113,0.0105,0.0094,0.0083,0.007,0.0069,0.0069,0.007,0.0071,0.0073,0.0075,0.0077,0.0079,0.008,0.0081,0.0082,0.0083,0.0084,0.0086,0.0087,0.0089,0.0089,0.009,0.009,0.0091
92,0.0015,0.0033,0.0051,0.0067,0.0082,0.0093,0.0101,0.0106,0.0107,0.0104,0.0099,0.0092,0.0083,0.0074,0.0072,0.0071,0.0071,0.0071,0.0072,0.0073,0.0075,0.0076,0.0078,0.0079,0.008,0.0081,0.0082,0.0083,0.0084,0.0086,0.0088,0.0088,0.0089,0.009
93,-0.0002,0.0015,0.0032,0.0049,0.0063,0.0076,0.0085,0.0092,0.0095,0.0095,0.0093,0.009,0.0085,0.0079,0.0076,0.0074,0.0073,0.0072,0.0072,0.0073,0.0073,0.0074,0.0075,0.0076,0.0077,0.0078,0.0079,0.008,0.0082,0.0083,0.0085,0.0087,0.0087,0.0088
94,-0.002,-0.0004,0.0013,0.0029,0.0044,0.0057,0.0068,0.0077,0.0083,0.0086,0.0088,0.0088,0.0087,0.0085,0.0082,0.0079,0.0076,0.0074,0.0073,0.0072,0.0072,0.0072,0.0073,0.0074,0.0074,0.0075,0.0076,0.0078,0.0079,0.008,0.0082,0.0084,0.0086,0.0087
95,-0.0038,-0.0023,-0.0007,0.0008,0.0023,0.0037,0.005,0.0061,0.007,0.0077,0.0083,0.0087,0.009,0.0093,0.0089,0.0084,0.0081,0.0077,0.0075,0.0073,0.0072,0.0071,0.0071,0.0071,0.0072,0.0073,0.0074,0.0075,0.0076,0.0078,0.0079,0.0081,0.0083,0.0085
96,-0.0036,-0.0022,-0.0007,0.0008,0.0022,0.0036,0.0047,0.0058,0.0066,0.0073,0.0078,0.0082,0.0086,0.0088,0.0084,0.008,0.0077,0.0074,0.0071,0.0069,0.0068,0.0067,0.0067,0.0067,0.0068,0.0069,0.007,0.0071,0.0072,0.0074,0.0075,0.0077,0.0079,0.0081
97,-0.0034,-0.0021,-0.0007,0.0007,0.0021,0.0034,0.0045,0.0055,0.0063,0.0069,0.0074,0.0078,0.0081,0.0084,0.008,0.0076,0.0073,0.007,0.0067,0.0066,0.0064,0.0064,0.0064,0.0064,0.0065,0.0065,0.0066,0.0067,0.0069,0.007,0.0071,0.0073,0.0075,0.0077
98,-0.0032,-0.002,-0.0006,0.0007,0.002,0.0032,0.0042,0.0052,0.0059,0.0065,0.007,0.0074,0.0077,0.0079,0.0075,0.0072,0.0069,0.0066,0.0064,0.0062,0.0061,0.006,0.006,0.006,0.0061,0.0062,0.0063,0.0064,0.0065,0.0066,0.0067,0.0069,0.007,0.0072
99,-0.003,-0.0018,-0.0006,0.0007,0.0019,0.003,0.004,0.0049,0.0056,0.0062,0.0066,0.0069,0.0072,0.0074,0.0071,0.0068,0.0065,0.0062,0.006,0.0058,0.0057,0.0057,0.0057,0.0057,0.0057,0.0058,0.0059,0.006,0.0061,0.0062,0.0063,0.0065,0.0066,0.0068
100,-0.0029,-0.0017,-0.0006,0.0006,0.0018,0.0028,0.0037,0.0046,0.0052,0.0058,0.0062,0.0065,0.0068,0.007,0.0066,0.0063,0.0061,0.0058,0.0056,0.0055,0.0054,0.0053,0.0053,0.0053,0.0054,0.0055,0.0055,0.0056,0.0057,0.0058,0.0059,0.0061,0.0062,0.0064
101,-0.0027,-0.0016,-0.0005,0.0006,0.0016,0.0026,0.0035,0.0043,0.0049,0.0054,0.0058,0.0061,0.0063,0.0065,0.0062,0.0059,0.0056,0.0054,0.0052,0.0051,0.005,0.005,0.0049,0.005,0.005,0.0051,0.0052,0.0052,0.0053,0.0054,0.0055,0.0057,0.0058,0.006
102,-0.0025,-0.0015,-0.0005,0.0005,0.0015,0.0024,0.0032,0.004,0.0045,0.005,0.0054,0.0056,0.0059,0.006,0.0058,0.0055,0.0052,0.005,0.0049,0.0047,0.0046,0.0046,0.0046,0.0046,0.0047,0.0047,0.0048,0.0049,0.005,0.005,0.0052,0.0053,0.0054,0.0055
103,-0.0023,-0.0014,-0.0004,0.0005,0.0014,0.0022,0.003,0.0037,0.0042,0.0046,0.005,0.0052,0.0054,0.0056,0.0053,0.0051,0.0048,0.0046,0.0045,0.0044,0.0043,0.0042,0.0042,0.0043,0.0043,0.0044,0.0044,0.0045,0.0046,0.0047,0.0048,0.0049,0.005,0.0051
104,-0.0021,-0.0013,-0.0004,0.0005,0.0013,0.0021,0.0027,0.0033,0.0038,0.0042,0.0045,0.0048,0.005,0.0051,0.0049,0.0046,0.0044,0.0043,0.0041,0.004,0.0039,0.0039,0.0039,0.0039,0.0039,0.004,0.0041,0.0041,0.0042,0.0043,0.0044,0.0045,0.0046,0.0047
105,-0.0019,-0.0012,-0.0004,0.0004,0.0012,0.0019,0.0025,0.003,0.0035,0.0039,0.0041,0.0043,0.0045,0.0046,0.0044,0.0042,0.004,0.0039,0.0037,0.0036,0.0036,0.0035,0.0035,0.0036,0.0036,0.0036,0.0037,0.0037,0.0038,0.0039,0.004,0.0041,0.0041,0.0043
106,-0.0017,-0.001,-0.0003,0.0004,0.0011,0.0017,0.0022,0.0027,0.0031,0.0035,0.0037,0.0039,0.0041,0.0042,0.004,0.0038,0.0036,0.0035,0.0034,0.0033,0.0032,0.0032,0.0032,0.0032,0.0032,0.0033,0.0033,0.0034,0.0034,0.0035,0.0036,0.0036,0.0037,0.0038
107,-0.0015,-0.0009,-0.0003,0.0003,0.0009,0.0015,0.002,0.0024,0.0028,0.0031,0.0033,0.0035,0.0036,0.0037,0.0035,0.0034,0.0032,0.0031,0.003,0.0029,0.0029,0.0028,0.0028,0.0028,0.0029,0.0029,0.0029,0.003,0.003,0.0031,0.0032,0.0032,0.0033,0.0034
108,-0.0013,-0.0008,-0.0003,0.0003,0.0008,0.0013,0.0017,0.0021,0.0024,0.0027,0.0029,0.003,0.0032,0.0032,0.0031,0.003,0.0028,0.0027,0.0026,0.0025,0.0025,0.0025,0.0025,0.0025,0.0025,0.0025,0.0026,0.0026,0.0027,0.0027,0.0028,0.0028,0.0029,0.003
109,-0.0011,-0.0007,-0.0002,0.0002,0.0007,0.0011,0.0015,0.0018,0.0021,0.0023,0.0025,0.0026,0.0027,0.0028,0.0027,0.0025,0.0024,0.0023,0.0022,0.0022,0.0021,0.0021,0.0021,0.0021,0.0022,0.0022,0.0022,0.0022,0.0023,0.0023,0.0024,0.0024,0.0025,0.0026
110,-0.001,-0.0006,-0.0002,0.0002,0.0006,0.0009,0.0012,0.0015,0.0017,0.0019,0.0021,0.0022,0.0023,0.0023,0.0022,0.0021,0.002,0.0019,0.0019,0.0018,0.0018,0.0018,0.0018,0.0018,0.0018,0.0018,0.0018,0.0019,0.0019,0.0019,0.002,0.002,0.0021,0.0021
111,-0.0008,-0.0005,-0.0001,0.0002,0.0005,0.0007,0.001,0.0012,0.0014,0.0015,0.0017,0.0017,0.0018,0.0019,0.0018,0.0017,0.0016,0.0015,0.0015,0.0015,0.0014,0.0014,0.0014,0.0014,0.0014,0.0015,0.0015,0.0015,0.0015,0.0016,0.0016,0.0016,0.0017,0.0017
112,-0.0006,-0.0003,-0.0001,0.0001,0.0004,0.0006,0.0007,0.0009,0.001,0.0012,0.0012,0.0013,0.0014,0.0014,0.0013,0.0013,0.0012,0.0012,0.0011,0.0011,0.0011,0.0011,0.0011,0.0011,0.0011,0.0011,0.0011,0.0011,0.0011,0.0012,0.0012,0.0012,0.0012,0.0013
113,-0.0004,-0.0002,-0.0001,0.0001,0.0002,0.0004,0.0005,0.0006,0.0007,0.0008,0.0008,0.0009,0.0009,0.0009,0.0009,0.0008,0.0008,0.0008,0.0007,0.0007,0.0007,0.0007,0.0007,0.0007,0.0007,0.0007,0.0007,0.0007,0.0008,0.0008,0.0008,0.0008,0.0008,0.0009
114,-0.0002,-0.0001,0,0,0.0001,0.0002,0.0002,0.0003,0.0003,0.0004,0.0004,0.0004,0.0005,0.0005,0.0004,0.0004,0.0004,0.0004,0.0004,0.0004,0.0004,0.0004,0.0004,0.0004,0.0004,0.0004,0.0004,0.0004,0.0004,0.0004,0.0004,0.0004,0.0004,0.0004
115,0,0,0,0,0,0,0,0,0,0,0,0,0,0,0,0,0,0,0,0,0,0,0,0,0,0,0,0,0,0,0,0,0,0
116,0,0,0,0,0,0,0,0,0,0,0,0,0,0,0,0,0,0,0,0,0,0,0,0,0,0,0,0,0,0,0,0,0,0
117,0,0,0,0,0,0,0,0,0,0,0,0,0,0,0,0,0,0,0,0,0,0,0,0,0,0,0,0,0,0,0,0,0,0
118,0,0,0,0,0,0,0,0,0,0,0,0,0,0,0,0,0,0,0,0,0,0,0,0,0,0,0,0,0,0,0,0,0,0
119,0,0,0,0,0,0,0,0,0,0,0,0,0,0,0,0,0,0,0,0,0,0,0,0,0,0,0,0,0,0,0,0,0,0
120,0,0,0,0,0,0,0,0,0,0,0,0,0,0,0,0,0,0,0,0,0,0,0,0,0,0,0,0,0,0,0,0,0,0
,,,,,,,,,,,,,,,,,,,,,,,,,,,,,,,,,,1